bytes	type	mtime	source
7776	regular file	2026-07-12 23:46:27.252329162 +0800	/tmp/access-g1-brief.txt
6348	regular file	2026-07-12 23:46:27.363192826 +0800	/tmp/access-known-issues.md
297	regular file	2026-07-12 23:46:27.418624656 +0800	/tmp/access-npc-memory.md
7165	regular file	2026-07-12 23:46:27.307760993 +0800	/tmp/access-project-status.md
9689	regular file	2026-07-13 00:28:06.122345605 +0800	/tmp/access-second-page-ad-brief.txt
19720	regular file	2026-07-10 19:53:34.753309011 +0800	/tmp/b2-recon-report.txt
7151	regular file	2026-07-10 20:24:10.374700077 +0800	/tmp/b2s1-coremark.log
17910	regular file	2026-07-10 20:26:02.649537498 +0800	/tmp/b2s1-regress.log
2083	directory	2026-07-10 20:20:03.594408086 +0800	/tmp/b2s1-tb
470050	directory	2026-07-10 20:20:32.912264622 +0800	/tmp/b2s1-tb-full
7380	regular file	2026-07-11 01:52:08.342272930 +0800	/tmp/b2s2-coremark-final.log
12941	regular file	2026-07-11 01:10:57.866688874 +0800	/tmp/b2s2-coremark.log
17539	regular file	2026-07-11 01:45:19.508922093 +0800	/tmp/b2s2-coremark2.log
377485	regular file	2026-07-11 01:14:26.225352482 +0800	/tmp/b2s2-cw.log
4749	regular file	2026-07-11 01:19:40.664496673 +0800	/tmp/b2s2-dbg.log
4749	regular file	2026-07-11 01:27:19.420275411 +0800	/tmp/b2s2-dbg2.log
4749	regular file	2026-07-11 01:33:22.847367385 +0800	/tmp/b2s2-dbg3.log
4749	regular file	2026-07-11 01:40:07.195074963 +0800	/tmp/b2s2-dbg4.log
17910	regular file	2026-07-11 01:48:50.609649712 +0800	/tmp/b2s2-regress.log
4854	directory	2026-07-11 00:59:40.648112645 +0800	/tmp/b2s2-tb
470050	directory	2026-07-11 01:05:46.139323913 +0800	/tmp/b2s2-tb-full
2945803	directory	2026-07-12 22:45:55.460800571 +0800	/tmp/codex-g2-review-build
11557031	directory	2026-07-12 22:47:17.325375843 +0800	/tmp/codex-g2-review-build2
4830895	directory	2026-07-12 22:47:23.883389124 +0800	/tmp/codex-g2-review-build3
19343993	directory	2026-07-12 22:49:16.640607737 +0800	/tmp/codex-g2-review-final-build
472421	directory	2026-07-12 22:49:17.075315318 +0800	/tmp/codex-g2-review-final-results
264223	directory	2026-07-12 22:45:55.527985282 +0800	/tmp/codex-g2-review-results
52423	directory	2026-07-12 22:47:17.658673706 +0800	/tmp/codex-g2-review-results2
156119	directory	2026-07-12 22:47:24.350457213 +0800	/tmp/codex-g2-review-results3
1126	regular file	2026-07-12 12:20:12.931931294 +0800	/tmp/dead-forward-input-A.norm
1126	regular file	2026-07-12 12:20:12.931931294 +0800	/tmp/dead-forward-input-B.norm
62086	directory	2026-07-12 12:19:05.294470802 +0800	/tmp/dead-forward-review-focused
13665	directory	2026-07-12 12:18:53.698867411 +0800	/tmp/dead-forward-review-neg
7897	regular file	2026-07-12 21:00:55.020622242 +0800	/tmp/f1a-core-regress-brief.md
0	regular empty file	2026-07-12 21:00:37.733617644 +0800	/tmp/f1a-core-regress-brief.stdout
7610	regular file	2026-07-12 14:00:11.138444977 +0800	/tmp/f1a-review-brief.txt
7794	regular file	2026-07-12 22:22:37.508031112 +0800	/tmp/fetch-g2-brief.txt
189	regular file	2026-07-12 22:28:12.585364782 +0800	/tmp/fetch-g2-rc-probe.log
1864315	regular file	2026-07-12 23:42:38.796505853 +0800	/tmp/g2-manifest-current.json
1825339	regular file	2026-07-12 23:43:11.169608651 +0800	/tmp/g2-manifest-old.json
389	regular file	2026-07-12 23:38:22.631392341 +0800	/tmp/g2-normalize-manifest.jq
7784	regular file	2026-07-12 23:17:16.674954399 +0800	/tmp/g2-review-brief.txt
652	regular file	2026-07-12 23:43:11.169608651 +0800	/tmp/g2-select-manifest.jq
1107	regular file	2026-07-13 00:44:17.584516901 +0800	/tmp/ifu-access-g1-config-before-difftest
52350	directory	2026-07-13 00:00:42.254985994 +0800	/tmp/ifu-access-g1-lsu-control
1019568	directory	2026-07-13 00:14:58.547951939 +0800	/tmp/ifu-access-green-dev
1825658	regular file	2026-07-13 00:53:16.880583819 +0800	/tmp/ifu-access-manifest-base.json
1826297	regular file	2026-07-13 00:53:45.821313575 +0800	/tmp/ifu-access-manifest-minimal.json
1066647	directory	2026-07-13 00:20:43.994005307 +0800	/tmp/ifu-access-review-green
1068913	directory	2026-07-13 00:23:03.005722809 +0800	/tmp/ifu-access-review-green2
89951	directory	2026-07-13 00:25:19.818574046 +0800	/tmp/ifu-access-review-make
1074192	directory	2026-07-13 00:23:03.192688229 +0800	/tmp/ifu-access-review-red2
1068913	directory	2026-07-13 00:25:42.103830291 +0800	/tmp/ifu-access-root-green
1413	regular file	2026-07-13 00:53:16.876586646 +0800	/tmp/ifu-access-selected-entries.json
175973	directory	2026-07-12 21:51:00.613076508 +0800	/tmp/ifu-axi-g1-contract-review
175707	directory	2026-07-12 21:45:32.662249362 +0800	/tmp/ifu-axi-g1-green
175707	directory	2026-07-12 21:53:52.472549543 +0800	/tmp/ifu-axi-g1-green2
88048	directory	2026-07-12 21:34:29.183757365 +0800	/tmp/ifu-axi-g1-red
89647	directory	2026-07-12 21:41:48.897894391 +0800	/tmp/ifu-axi-g1-xbar-red
1808660	directory	2026-07-12 21:50:50.119230741 +0800	/tmp/ifu-axi-review-build
176009	directory	2026-07-12 21:50:50.203380796 +0800	/tmp/ifu-axi-review-results
195612	directory	2026-07-12 21:52:10.855189204 +0800	/tmp/ifu-axi-review-xbar-build
3375	directory	2026-07-12 21:52:10.907802861 +0800	/tmp/ifu-axi-review-xbar-results
0	directory	2026-07-12 14:01:21.078491934 +0800	/tmp/ifu-blocker-audit.vlR9SE
140529	directory	2026-07-12 22:43:26.608019693 +0800	/tmp/ifu-fetch-g2-assert-focused
88362	directory	2026-07-12 22:40:37.033714037 +0800	/tmp/ifu-fetch-g2-focused
52357	directory	2026-07-12 22:40:47.953935902 +0800	/tmp/ifu-fetch-g2-integration
759244436	regular file	2026-07-12 23:18:57.511516796 +0800	/tmp/ifu-fetch-g2-yosys-5ns.log
1817773	directory	2026-07-12 21:55:08.221618947 +0800	/tmp/ifu-g1-rereview-build
175749	directory	2026-07-12 21:55:08.290088657 +0800	/tmp/ifu-g1-rereview-logs
263	directory	2026-07-12 21:55:08.294116289 +0800	/tmp/ifu-g1-rereview-results
1808660	directory	2026-07-12 21:48:53.067619419 +0800	/tmp/ifu-g1-review-build
175745	directory	2026-07-12 21:48:53.135122770 +0800	/tmp/ifu-g1-review-logs
261	directory	2026-07-12 21:48:53.135122770 +0800	/tmp/ifu-g1-review-results
78	regular file	2026-07-13 00:21:28.319761708 +0800	/tmp/ifu-old-corrected.log
983674	regular file	2026-07-13 00:21:12.507446319 +0800	/tmp/ifu-old-corrected.vvp
228402	regular file	2026-07-12 10:27:59.315333327 +0800	/tmp/known-issues.json
13854	directory	2026-07-12 11:25:55.935492985 +0800	/tmp/lane1-owner-red-old
13789	directory	2026-07-12 11:28:20.195006258 +0800	/tmp/lane1-owner-red-old-v3
13881	directory	2026-07-12 11:29:10.291381357 +0800	/tmp/lane1-owner-red-old-v4
13881	directory	2026-07-12 11:29:22.309030366 +0800	/tmp/lane1-owner-red-old-v5
8703	regular file	2026-07-10 16:34:33.015117529 +0800	/tmp/lint.log
14159	directory	2026-07-12 11:46:27.298358621 +0800	/tmp/mem-issue-review-blocker-red
13812	directory	2026-07-12 11:41:11.226535911 +0800	/tmp/mem-issue-review-current
13921	directory	2026-07-12 11:50:17.936154897 +0800	/tmp/mem-issue-review-final
13924	directory	2026-07-12 11:47:20.535453839 +0800	/tmp/mem-issue-review-green-v2
30421	directory	2026-07-12 11:48:49.867852407 +0800	/tmp/mem-issue-review-round2
29866	directory	2026-07-12 11:48:57.980220178 +0800	/tmp/mem-issue-review-round2-valid
210728	regular file	2026-07-12 10:27:59.199333391 +0800	/tmp/npc-memory.json
196416	regular file	2026-07-12 10:27:59.091333450 +0800	/tmp/project-status.json
425	regular file	2026-07-11 22:07:55.441142523 +0800	/tmp/rv64-f0-precommit-strict-guard.log
2034845	directory	2026-07-13 00:33:37.665758433 +0800	/tmp/rv64-second-page-ad-build
21974	directory	2026-07-12 03:30:02.512872543 +0800	/tmp/rv64-t1-design-baseline
109009	regular file	2026-07-12 11:23:33.916435680 +0800	/tmp/t3refs.txt
686780	regular file	2026-07-13 00:15:15.883141758 +0800	/tmp/tb_attrs.vvp
186406	regular file	2026-07-13 00:07:27.274404718 +0800	/tmp/tb_axi_exec_firewall.vvp
1027244	regular file	2026-07-13 00:19:11.422222777 +0800	/tmp/tb_bridge.vvp
63800	regular file	2026-07-13 00:19:11.414309648 +0800	/tmp/tb_bridge_compile.log
276	regular file	2026-07-13 00:18:53.917748278 +0800	/tmp/tb_bridge_sim.log
634511	regular file	2026-07-12 21:32:10.320647722 +0800	/tmp/tb_fetch_ad_flush_partial.vvp
762637	regular file	2026-07-11 14:36:35.957369864 +0800	/tmp/tb_fetch_page_end_c_fault.vvp
765394	regular file	2026-07-12 22:14:28.613025176 +0800	/tmp/tb_fetch_page_end_c_fault_current
868012	regular file	2026-07-13 00:19:56.193626293 +0800	/tmp/tb_g2.vvp
63800	regular file	2026-07-13 00:19:56.185727814 +0800	/tmp/tb_g2_compile.log
1055	regular file	2026-07-13 00:19:56.264712592 +0800	/tmp/tb_g2_sim.log
1966	regular file	2026-07-13 00:03:52.834425654 +0800	/tmp/tb_ooo_fetch_access_footprint-old.log
936662	regular file	2026-07-13 00:03:44.099124157 +0800	/tmp/tb_ooo_fetch_access_footprint.vvp
691910	regular file	2026-07-12 23:58:19.547368635 +0800	/tmp/tb_ooo_fetch_axi_access_attrs.vvp
661362	regular file	2026-07-12 21:47:33.295048492 +0800	/tmp/tb_ooo_fetch_axi_bridge_assert_negative.vvp
662475	regular file	2026-07-12 21:54:03.439538517 +0800	/tmp/tb_ooo_fetch_axi_bridge_assert_negative2.vvp
662833	regular file	2026-07-12 22:06:31.577520759 +0800	/tmp/tb_ooo_fetch_axi_bridge_assert_negative_final.vvp
3878937	directory	2026-07-12 11:06:36.378337651 +0800	/tmp/xret-final-review-build
17564	directory	2026-07-12 11:06:36.717458385 +0800	/tmp/xret-final-review-results
195	regular file	2026-07-12 11:06:36.721495536 +0800	/tmp/xret-final-review.out
3872330	directory	2026-07-12 11:02:16.202523413 +0800	/tmp/xret-integration-review-build
17576	directory	2026-07-12 11:02:16.534509750 +0800	/tmp/xret-integration-review-results
1249343	directory	2026-07-12 10:57:45.622890896 +0800	/tmp/xret-review-build
3891	directory	2026-07-12 10:57:45.658890653 +0800	/tmp/xret-review-results
1756794	directory	2026-07-13 00:34:38.729113688 +0800	/tmp/ysyx-axi-dpi-sized-e2e
1756938	directory	2026-07-13 01:24:02.315163752 +0800	/tmp/ysyx-axi-dpi-sized-final
843485	directory	2026-07-13 00:32:27.801563672 +0800	/tmp/ysyx-axi-dpi-sized-fresh
44	regular file	2026-07-11 20:36:30.242351810 +0800	/tmp/ysyx-f0-am.result
345	directory	2026-07-11 20:12:55.986658912 +0800	/tmp/ysyx-f0-compile-gate
18638	directory	2026-07-11 21:03:11.329988264 +0800	/tmp/ysyx-f0-fp-domain-green
18644	directory	2026-07-11 21:05:26.453975308 +0800	/tmp/ysyx-f0-fp-domain-green-final
18643	directory	2026-07-11 21:06:12.485956291 +0800	/tmp/ysyx-f0-fp-domain-green-main
17634	directory	2026-07-11 21:02:23.086010182 +0800	/tmp/ysyx-f0-fp-domain-red
1107	regular file	2026-07-11 21:20:12.509767196 +0800	/tmp/ysyx-f0-full-npc.config.backup
3611	directory	2026-07-11 20:48:30.822190373 +0800	/tmp/ysyx-f0-module-contract-green
5212	directory	2026-07-11 20:47:22.610199858 +0800	/tmp/ysyx-f0-module-contract-red
4600	directory	2026-07-11 20:11:53.446684178 +0800	/tmp/ysyx-f0-module-red
1107	regular file	2026-07-11 21:12:11.361860481 +0800	/tmp/ysyx-f0-npc.config.backup
0	directory	2026-07-12 13:23:47.001676897 +0800	/tmp/ysyx-memory-edit-dead-forward
36497	directory	2026-07-11 22:22:38.736946103 +0800	/tmp/ysyx-strict-guard-baseline-20260711-2216
