type	logical_bytes	sha256_or_target	path
d	0	-	/tmp/ysyx-t3k-functional-tests
d	0	-	/tmp/ysyx-t3k-functional-tests/focused-build
f	482675	e41fed5b2231aa0bc2a192c0bc9b51dfe9ff35f9b9065329e33abd16b90ad2fe	/tmp/ysyx-t3k-functional-tests/focused-build/tb_csr_file.vvp
f	40836	6bf2f396ab25ed5789a88c32e8ab662dba19928f30d139ebc0e0cd46e3d4e90a	/tmp/ysyx-t3k-functional-tests/focused-build/tb_ooo_csr_access_request_mux.vvp
d	0	-	/tmp/ysyx-t3k-functional-tests/focused-final-build
f	489313	c149098204377d62b3a45dbb3f04ce60865adbc22c8757db43a000595cbcc900	/tmp/ysyx-t3k-functional-tests/focused-final-build/tb_csr_file.vvp
f	40836	b57a592d4d3518565a970ebdf2b85660c0f03d5056759a5e953a3bf36abdeaec	/tmp/ysyx-t3k-functional-tests/focused-final-build/tb_ooo_csr_access_request_mux.vvp
d	0	-	/tmp/ysyx-t3k-functional-tests/focused-final-result
d	0	-	/tmp/ysyx-t3k-functional-tests/focused-final-result/logs
f	417	a1ceb7f578603ae319690dc6a337f23a833f439c73332b993c515a8d0b0416c0	/tmp/ysyx-t3k-functional-tests/focused-final-result/logs/tb_csr_file.log
f	541	ade27e825f5aa06911e37f7144a5789b38809d8f9fa04bd4f1a32d6e0b6d9f3b	/tmp/ysyx-t3k-functional-tests/focused-final-result/logs/tb_ooo_csr_access_request_mux.log
f	246	60b0af3c7fa6f682239722d3a72a4fefd240c974c04198dbeba43a357f34b714	/tmp/ysyx-t3k-functional-tests/focused-final-result/summary.txt
d	0	-	/tmp/ysyx-t3k-functional-tests/focused-result
d	0	-	/tmp/ysyx-t3k-functional-tests/focused-result/logs
f	411	97d6f6aa6bf626dda33fb407fa7b972974ccbe3f81a3a5381314b53652803571	/tmp/ysyx-t3k-functional-tests/focused-result/logs/tb_csr_file.log
f	535	4ed9480468a46925aa727cd2f6e6694e07fee798d1cc12812a3ba2d2aa78e01d	/tmp/ysyx-t3k-functional-tests/focused-result/logs/tb_ooo_csr_access_request_mux.log
f	240	1f5c978526ef8de3e6a0db863a3027dab8501fc91f8cbb9e5a245308ef09b9a2	/tmp/ysyx-t3k-functional-tests/focused-result/summary.txt
d	0	-	/tmp/ysyx-t3k-functional-tests/mux-build
f	40836	24aca2cd6decdda87e4691b1ead1fed23bd842a103265783f56e5135814dac0e	/tmp/ysyx-t3k-functional-tests/mux-build/tb_ooo_csr_access_request_mux.vvp
d	0	-	/tmp/ysyx-t3k-functional-tests/mux-result
d	0	-	/tmp/ysyx-t3k-functional-tests/mux-result/logs
f	531	8ba67ed64b0b5d9c305400074510f7d59235a9f5abcf9977b9f8e645b6547de7	/tmp/ysyx-t3k-functional-tests/mux-result/logs/tb_ooo_csr_access_request_mux.log
f	217	490942c94548afd20628c50e7d08a5536bc55604cc47537d6b3cfee753a32c32	/tmp/ysyx-t3k-functional-tests/mux-result/summary.txt
d	0	-	/tmp/ysyx-t3k-integration-focused
d	0	-	/tmp/ysyx-t3k-integration-focused/build
f	4145311	f531d3bad966f52aa90a70839ac70dab7c5b9616cc1ed2f40ca6f8096bdc7e86	/tmp/ysyx-t3k-integration-focused/build/tb_ooo_core_top_glue.vvp
d	0	-	/tmp/ysyx-t3k-integration-focused/results
d	0	-	/tmp/ysyx-t3k-integration-focused/results/logs
f	17914	1260c5495e1ceed17dc6e389321df570203a9e2640baf149233c829335671af4	/tmp/ysyx-t3k-integration-focused/results/logs/tb_ooo_core_top_glue.log
d	0	-	/tmp/ysyx-t3k-integration-focused-final
d	0	-	/tmp/ysyx-t3k-integration-focused-final/build
f	4145484	be2f1c03ff1a4285a385f1bcd69528bdfe2b4fae77a0650fbf1aea9641754601	/tmp/ysyx-t3k-integration-focused-final/build/tb_ooo_core_top_glue.vvp
f	3602804	6e772ec6219944be46cab0dc221b44360e533a8ed7d9dea676c4157ca37bfab0	/tmp/ysyx-t3k-integration-focused-final/build/tb_ooo_fetch_trap_gate.vvp
f	3922997	639434a1a1c079358f64b81a2328aa81e245599282c5e2438ac5c7e7346f7013	/tmp/ysyx-t3k-integration-focused-final/build/tb_ooo_priv_system.vvp
d	0	-	/tmp/ysyx-t3k-integration-focused-final/results
d	0	-	/tmp/ysyx-t3k-integration-focused-final/results/logs
f	16560	44fdc2a16cd3e5ad5e2dd73fcd155840386d6c8eb4ccaec995fedfea3b4fcfe6	/tmp/ysyx-t3k-integration-focused-final/results/logs/tb_ooo_core_top_glue.log
f	16570	42fcf091ddf5f229231afce6cbdda4f534fea5b1a2dc849764147214d5b0dbc5	/tmp/ysyx-t3k-integration-focused-final/results/logs/tb_ooo_fetch_trap_gate.log
f	16546	0730e73a81b02b66f8f2b791a348231d9d1ac5fc7b624d0a45fc3772026fe018	/tmp/ysyx-t3k-integration-focused-final/results/logs/tb_ooo_priv_system.log
f	270	8af9a0a37329a1dc3d187a661a4601e9f5fc58828ae49b8c115fb7966b37ef32	/tmp/ysyx-t3k-integration-focused-final/results/summary.txt
f	4132	3d66ffa3564aa5f5171604af9b13eb22b3cad3df771d5b37be556064bea64d15	/tmp/ysyx-t3k-user-npc-linux.log
