type	bytes	sha256_or_link_sha256	path_or_link
f	156	914046fc3adc344b809e3902a0020fb466727504bf6aa5791100a1439fd6623b	/tmp/t3i-archive-fresh-dryrun.out
d	4096	-	/tmp/t3i-drain-proof-mutation
d	4096	-	/tmp/t3i-drain-proof-mutation/npc
d	4096	-	/tmp/t3i-drain-proof-mutation/npc/rv64
d	4096	-	/tmp/t3i-drain-proof-mutation/npc/rv64/vsrc
d	4096	-	/tmp/t3i-drain-proof-mutation/npc/rv64/vsrc/execute
f	11989	fcad0deb65ce0fe8ff6b8bdc61134cf73c6793a0e2c61b341c46945b1d3bd942	/tmp/t3i-drain-proof-mutation/npc/rv64/vsrc/execute/OooAluCoreSlice.v
d	4096	-	/tmp/t3i-drain-proof-mutation/npc/rv64/vsrc/include
f	28059	fcd28f1024cbe02193a7d13658b17fbcc5950166a1a1c09b70e1855b459dccc9	/tmp/t3i-drain-proof-mutation/npc/rv64/vsrc/include/define.v
d	4096	-	/tmp/t3i-drain-proof-mutation/npc/rv64/vsrc/writeback
f	25414	74afbebb8e32044dda39ed7ba130f1f5ffcea69a999579b8081a224b6f67bf26	/tmp/t3i-drain-proof-mutation/npc/rv64/vsrc/writeback/OooRob.v
d	4096	-	/tmp/t3i-drain-proof-mutation/or-bypass
d	4096	-	/tmp/t3i-drain-proof-mutation/or-bypass/npc
d	4096	-	/tmp/t3i-drain-proof-mutation/or-bypass/npc/rv64
d	4096	-	/tmp/t3i-drain-proof-mutation/or-bypass/npc/rv64/vsrc
d	4096	-	/tmp/t3i-drain-proof-mutation/or-bypass/npc/rv64/vsrc/execute
f	11989	fcad0deb65ce0fe8ff6b8bdc61134cf73c6793a0e2c61b341c46945b1d3bd942	/tmp/t3i-drain-proof-mutation/or-bypass/npc/rv64/vsrc/execute/OooAluCoreSlice.v
d	4096	-	/tmp/t3i-drain-proof-mutation/or-bypass/npc/rv64/vsrc/include
f	28059	fcd28f1024cbe02193a7d13658b17fbcc5950166a1a1c09b70e1855b459dccc9	/tmp/t3i-drain-proof-mutation/or-bypass/npc/rv64/vsrc/include/define.v
d	4096	-	/tmp/t3i-drain-proof-mutation/or-bypass/npc/rv64/vsrc/writeback
f	25458	accf20adf290ed17532416ed45c5e274a7c3653e908a3d877a7e149fdedb1e6b	/tmp/t3i-drain-proof-mutation/or-bypass/npc/rv64/vsrc/writeback/OooRob.v
d	4096	-	/tmp/t3i-drain-proof-mutation/removed-count-guard
d	4096	-	/tmp/t3i-drain-proof-mutation/removed-count-guard/npc
d	4096	-	/tmp/t3i-drain-proof-mutation/removed-count-guard/npc/rv64
d	4096	-	/tmp/t3i-drain-proof-mutation/removed-count-guard/npc/rv64/vsrc
d	4096	-	/tmp/t3i-drain-proof-mutation/removed-count-guard/npc/rv64/vsrc/execute
f	11989	fcad0deb65ce0fe8ff6b8bdc61134cf73c6793a0e2c61b341c46945b1d3bd942	/tmp/t3i-drain-proof-mutation/removed-count-guard/npc/rv64/vsrc/execute/OooAluCoreSlice.v
d	4096	-	/tmp/t3i-drain-proof-mutation/removed-count-guard/npc/rv64/vsrc/include
f	28059	fcd28f1024cbe02193a7d13658b17fbcc5950166a1a1c09b70e1855b459dccc9	/tmp/t3i-drain-proof-mutation/removed-count-guard/npc/rv64/vsrc/include/define.v
d	4096	-	/tmp/t3i-drain-proof-mutation/removed-count-guard/npc/rv64/vsrc/writeback
f	25414	74afbebb8e32044dda39ed7ba130f1f5ffcea69a999579b8081a224b6f67bf26	/tmp/t3i-drain-proof-mutation/removed-count-guard/npc/rv64/vsrc/writeback/OooRob.v
d	4096	-	/tmp/t3i-drain-retire-projection
f	823026	14803be2a220da9bf6bbad2860e4ec4b8efab9222bde16a984cd081cc9b1e229	/tmp/t3i-drain-retire-projection/projected-top40.rpt
f	26	1b25dafae9ddd9497e90f70e8e5509b0685e49d9a1f258bc931d8a1d29e41545	/tmp/t3i-drain-retire-projection/projection-pins.txt
f	7927	511b35fd9c2d93f993f04de7356aa392da6479eef8b966134be8ef35041cfc8b	/tmp/t3i-review-brief.txt
f	4132	3d66ffa3564aa5f5171604af9b13eb22b3cad3df771d5b37be556064bea64d15	/tmp/ysyx-t3i-user-npc-linux.log
